IBM zStack,zHW and zTPS
Generative AI + Assistants,AI Assistants
ADD NEW PRACTICE,AI/MLOps
Data Management,Data Fabric
AI Governance & RegTech,AI Governance
Business Automation,Workflow Automation
Planning & Business Analytics,Business Analytics
Integration,Application Integration
Application Runtimes,Application Development
Identity and Device Management,Identity and Access Management
Fraud Detection (Trusteer),Identity and Access Management
Zero Trust,Security Threat Management
Endpoint Security,Security Threat Management
Threat,Security Threat Management
Asset Management,Asset Lifecycle Management
Sterling Supply Chain,Asset Lifecycle Management
Sterling Data Exchange,B2B Integration
AI and Cross Brand,Asset Lifecycle Management
